f26e	500px
f2b9	address-book
f2ba	address-book-o
f042	adjust
f170	adn
f037	align-center
f039	align-justify
f036	align-left
f038	align-right
f270	amazon
f0f9	ambulance
f13d	anchor
f17b	android
f209	angellist
f103	angle-double-down
f100	angle-double-left
f101	angle-double-right
f102	angle-double-up
f107	angle-down
f104	angle-left
f105	angle-right
f106	angle-up
f179	apple
f187	archive
f1fe	area-chart
f0ab	arrow-circle-down
f0a8	arrow-circle-left
f01a	arrow-circle-o-down
f190	arrow-circle-o-left
f18e	arrow-circle-o-right
f01b	arrow-circle-o-up
f0a9	arrow-circle-right
f0aa	arrow-circle-up
f063	arrow-down
f060	arrow-left
f061	arrow-right
f062	arrow-up
f047	arrows
f0b2	arrows-alt
f07e	arrows-h
f07d	arrows-v
f2a3	asl-interpreting, american-sign-language-interpreting
f2a2	assistive-listening-systems
f069	asterisk
f1fa	at
f29e	audio-description
f1b9	automobile, car
f04a	backward
f24e	balance-scale
f05e	ban
f2d5	bandcamp
f080	bar-chart-o, bar-chart
f02a	barcode
f2cd	bathtub, s15, bath
f244	battery-0, battery-empty
f243	battery-1, battery-quarter
f242	battery-2, battery-half
f241	battery-3, battery-three-quarters
f240	battery-4, battery, battery-full
f0fc	beer
f1b4	behance
f1b5	behance-square
f0f3	bell
f0a2	bell-o
f1f6	bell-slash
f1f7	bell-slash-o
f206	bicycle
f1e5	binoculars
f1fd	birthday-cake
f171	bitbucket
f172	bitbucket-square
f15a	bitcoin, btc
f27e	black-tie
f29d	blind
f293	bluetooth
f294	bluetooth-b
f032	bold
f1e2	bomb
f02d	book
f02e	bookmark
f097	bookmark-o
f2a1	braille
f0b1	briefcase
f188	bug
f1ad	building
f0f7	building-o
f0a1	bullhorn
f140	bullseye
f207	bus
f20d	buysellads
f1ba	cab, taxi
f1ec	calculator
f073	calendar
f274	calendar-check-o
f272	calendar-minus-o
f133	calendar-o
f271	calendar-plus-o
f273	calendar-times-o
f030	camera
f083	camera-retro
f0d7	caret-down
f0d9	caret-left
f0da	caret-right
f0d8	caret-up
f218	cart-arrow-down
f217	cart-plus
f20a	cc
f1f3	cc-amex
f24c	cc-diners-club
f1f2	cc-discover
f24b	cc-jcb
f1f1	cc-mastercard
f1f4	cc-paypal
f1f5	cc-stripe
f1f0	cc-visa
f0a3	certificate
f0c1	chain, link
f00c	check
f058	check-circle
f05d	check-circle-o
f14a	check-square
f046	check-square-o
f13a	chevron-circle-down
f137	chevron-circle-left
f138	chevron-circle-right
f139	chevron-circle-up
f078	chevron-down
f053	chevron-left
f054	chevron-right
f077	chevron-up
f1ae	child
f268	chrome
f111	circle
f10c	circle-o
f1ce	circle-o-notch
f1db	circle-thin
f017	clock-o
f24d	clone
f0c2	cloud
f0ed	cloud-download
f0ee	cloud-upload
f157	cny, rmb, yen, jpy
f121	code
f126	code-fork
f1cb	codepen
f284	codiepie
f0f4	coffee
f0db	columns
f075	comment
f0e5	comment-o
f27a	commenting
f27b	commenting-o
f086	comments
f0e6	comments-o
f14e	compass
f066	compress
f20e	connectdevelop
f26d	contao
f0c5	copy, files-o
f1f9	copyright
f25e	creative-commons
f09d	credit-card
f283	credit-card-alt
f125	crop
f05b	crosshairs
f13c	css3
f1b2	cube
f1b3	cubes
f0c4	cut, scissors
f0f5	cutlery
f0e4	dashboard, tachometer
f210	dashcube
f1c0	database
f2a4	deafness, hard-of-hearing, deaf
f03b	dedent, outdent
f1a5	delicious
f108	desktop
f1bd	deviantart
f219	diamond
f1a6	digg
f155	dollar, usd
f192	dot-circle-o
f019	download
f17d	dribbble
f2c2	drivers-license, id-card
f2c3	drivers-license-o, id-card-o
f16b	dropbox
f1a9	drupal
f282	edge
f044	edit, pencil-square-o
f2da	eercast
f052	eject
f141	ellipsis-h
f142	ellipsis-v
f0e0	envelope
f003	envelope-o
f2b6	envelope-open
f2b7	envelope-open-o
f199	envelope-square
f299	envira
f12d	eraser
f2d7	etsy
f153	euro, eur
f0ec	exchange
f12a	exclamation
f06a	exclamation-circle
f065	expand
f23e	expeditedssl
f08e	external-link
f14c	external-link-square
f06e	eye
f070	eye-slash
f1fb	eyedropper
f2b4	fa, font-awesome
f09a	facebook-f, facebook
f230	facebook-official
f082	facebook-square
f049	fast-backward
f050	fast-forward
f1ac	fax
f09e	feed, rss
f182	female
f0fb	fighter-jet
f15b	file
f1c9	file-code-o
f1c3	file-excel-o
f1c8	file-movie-o, file-video-o
f016	file-o
f1c1	file-pdf-o
f1c5	file-photo-o, file-picture-o, file-image-o
f1c4	file-powerpoint-o
f1c7	file-sound-o, file-audio-o
f15c	file-text
f0f6	file-text-o
f1c2	file-word-o
f1c6	file-zip-o, file-archive-o
f008	film
f0b0	filter
f06d	fire
f134	fire-extinguisher
f269	firefox
f2b0	first-order
f024	flag
f11e	flag-checkered
f11d	flag-o
f0e7	flash, bolt
f0c3	flask
f16e	flickr
f07b	folder
f114	folder-o
f07c	folder-open
f115	folder-open-o
f031	font
f280	fonticons
f286	fort-awesome
f211	forumbee
f04e	forward
f180	foursquare
f2c5	free-code-camp
f119	frown-o
f11b	gamepad
f154	gbp
f1d1	ge, empire
f013	gear, cog
f085	gears, cogs
f22d	genderless
f265	get-pocket
f260	gg
f261	gg-circle
f06b	gift
f1d3	git
f1d2	git-square
f09b	github
f113	github-alt
f092	github-square
f296	gitlab
f184	gittip, gratipay
f000	glass
f2a5	glide
f2a6	glide-g
f0ac	globe
f1a0	google
f0d5	google-plus
f2b3	google-plus-circle, google-plus-official
f0d4	google-plus-square
f1ee	google-wallet
f2d6	grav
f0c0	group, users
f0fd	h-square
f255	hand-grab-o, hand-rock-o
f258	hand-lizard-o
f0a7	hand-o-down
f0a5	hand-o-left
f0a4	hand-o-right
f0a6	hand-o-up
f25b	hand-peace-o
f25a	hand-pointer-o
f257	hand-scissors-o
f259	hand-spock-o
f256	hand-stop-o, hand-paper-o
f2b5	handshake-o
f292	hashtag
f0a0	hdd-o
f1dc	header
f025	headphones
f004	heart
f08a	heart-o
f21e	heartbeat
f1da	history
f015	home
f0f8	hospital-o
f236	hotel, bed
f254	hourglass
f251	hourglass-1, hourglass-start
f252	hourglass-2, hourglass-half
f253	hourglass-3, hourglass-end
f250	hourglass-o
f27c	houzz
f13b	html5
f246	i-cursor
f2c1	id-badge
f2d8	imdb
f01c	inbox
f03c	indent
f275	industry
f129	info
f05a	info-circle
f16d	instagram
f19c	institution, bank, university
f26b	internet-explorer
f224	intersex, transgender
f208	ioxhost
f033	italic
f1aa	joomla
f1cc	jsfiddle
f084	key
f11c	keyboard-o
f1ab	language
f109	laptop
f202	lastfm
f203	lastfm-square
f06c	leaf
f212	leanpub
f0e3	legal, gavel
f094	lemon-o
f149	level-down
f148	level-up
f1cd	life-bouy, life-buoy, life-saver, support, life-ring
f0eb	lightbulb-o
f201	line-chart
f0e1	linkedin
f08c	linkedin-square
f2b8	linode
f17c	linux
f03a	list
f022	list-alt
f0cb	list-ol
f0ca	list-ul
f124	location-arrow
f023	lock
f175	long-arrow-down
f177	long-arrow-left
f178	long-arrow-right
f176	long-arrow-up
f2a8	low-vision
f0d0	magic
f076	magnet
f064	mail-forward, share
f112	mail-reply, reply
f122	mail-reply-all, reply-all
f183	male
f279	map
f041	map-marker
f278	map-o
f276	map-pin
f277	map-signs
f222	mars
f227	mars-double
f229	mars-stroke
f22b	mars-stroke-h
f22a	mars-stroke-v
f136	maxcdn
f20c	meanpath
f23a	medium
f0fa	medkit
f2e0	meetup
f11a	meh-o
f223	mercury
f2db	microchip
f130	microphone
f131	microphone-slash
f068	minus
f056	minus-circle
f146	minus-square
f147	minus-square-o
f289	mixcloud
f10b	mobile-phone, mobile
f285	modx
f0d6	money
f186	moon-o
f19d	mortar-board, graduation-cap
f21c	motorcycle
f245	mouse-pointer
f001	music
f0c9	navicon, reorder, bars
f22c	neuter
f1ea	newspaper-o
f247	object-group
f248	object-ungroup
f263	odnoklassniki
f264	odnoklassniki-square
f23d	opencart
f19b	openid
f26a	opera
f23c	optin-monster
f18c	pagelines
f1fc	paint-brush
f0c6	paperclip
f1dd	paragraph
f0ea	paste, clipboard
f04c	pause
f28b	pause-circle
f28c	pause-circle-o
f1b0	paw
f1ed	paypal
f040	pencil
f14b	pencil-square
f295	percent
f095	phone
f098	phone-square
f03e	photo, image, picture-o
f200	pie-chart
f2ae	pied-piper
f1a8	pied-piper-alt
f1a7	pied-piper-pp
f0d2	pinterest
f231	pinterest-p
f0d3	pinterest-square
f072	plane
f04b	play
f144	play-circle
f01d	play-circle-o
f1e6	plug
f067	plus
f055	plus-circle
f0fe	plus-square
f196	plus-square-o
f2ce	podcast
f011	power-off
f02f	print
f288	product-hunt
f12e	puzzle-piece
f1d6	qq
f029	qrcode
f128	question
f059	question-circle
f29c	question-circle-o
f2c4	quora
f10d	quote-left
f10e	quote-right
f1d0	ra, resistance, rebel
f074	random
f2d9	ravelry
f1b8	recycle
f1a1	reddit
f281	reddit-alien
f1a2	reddit-square
f021	refresh
f25d	registered
f00d	remove, close, times
f18b	renren
f079	retweet
f018	road
f135	rocket
f0e2	rotate-left, undo
f01e	rotate-right, repeat
f143	rss-square
f158	ruble, rouble, rub
f156	rupee, inr
f267	safari
f0c7	save, floppy-o
f28a	scribd
f002	search
f010	search-minus
f00e	search-plus
f213	sellsy
f1d8	send, paper-plane
f1d9	send-o, paper-plane-o
f233	server
f1e0	share-alt
f1e1	share-alt-square
f14d	share-square
f045	share-square-o
f20b	shekel, sheqel, ils
f132	shield
f21a	ship
f214	shirtsinbulk
f290	shopping-bag
f291	shopping-basket
f07a	shopping-cart
f2cc	shower
f090	sign-in
f08b	sign-out
f012	signal
f2a7	signing, sign-language
f215	simplybuilt
f0e8	sitemap
f216	skyatlas
f17e	skype
f198	slack
f1de	sliders
f1e7	slideshare
f118	smile-o
f2ab	snapchat
f2ac	snapchat-ghost
f2ad	snapchat-square
f2dc	snowflake-o
f1e3	soccer-ball-o, futbol-o
f15d	sort-alpha-asc
f15e	sort-alpha-desc
f160	sort-amount-asc
f161	sort-amount-desc
f0dd	sort-down, sort-desc
f162	sort-numeric-asc
f163	sort-numeric-desc
f0de	sort-up, sort-asc
f1be	soundcloud
f197	space-shuttle
f110	spinner
f1b1	spoon
f1bc	spotify
f0c8	square
f096	square-o
f18d	stack-exchange
f16c	stack-overflow
f005	star
f089	star-half
f123	star-half-empty, star-half-full, star-half-o
f006	star-o
f1b6	steam
f1b7	steam-square
f048	step-backward
f051	step-forward
f0f1	stethoscope
f249	sticky-note
f24a	sticky-note-o
f04d	stop
f28d	stop-circle
f28e	stop-circle-o
f21d	street-view
f0cc	strikethrough
f1a4	stumbleupon
f1a3	stumbleupon-circle
f12c	subscript
f239	subway
f0f2	suitcase
f185	sun-o
f2dd	superpowers
f12b	superscript
f0ce	table
f10a	tablet
f02b	tag
f02c	tags
f0ae	tasks
f2c6	telegram
f1d5	tencent-weibo
f120	terminal
f034	text-height
f035	text-width
f00a	th
f009	th-large
f00b	th-list
f2b2	themeisle
f2cb	thermometer-0, thermometer-empty
f2ca	thermometer-1, thermometer-quarter
f2c9	thermometer-2, thermometer-half
f2c8	thermometer-3, thermometer-three-quarters
f2c7	thermometer-4, thermometer, thermometer-full
f08d	thumb-tack
f165	thumbs-down
f088	thumbs-o-down
f087	thumbs-o-up
f164	thumbs-up
f145	ticket
f057	times-circle
f05c	times-circle-o
f2d3	times-rectangle, window-close
f2d4	times-rectangle-o, window-close-o
f043	tint
f150	toggle-down, caret-square-o-down
f191	toggle-left, caret-square-o-left
f204	toggle-off
f205	toggle-on
f152	toggle-right, caret-square-o-right
f151	toggle-up, caret-square-o-up
f25c	trademark
f238	train
f225	transgender-alt
f1f8	trash
f014	trash-o
f1bb	tree
f181	trello
f262	tripadvisor
f091	trophy
f0d1	truck
f1e4	tty
f173	tumblr
f174	tumblr-square
f195	turkish-lira, try
f26c	tv, television
f1e8	twitch
f099	twitter
f081	twitter-square
f0e9	umbrella
f0cd	underline
f29a	universal-access
f127	unlink, chain-broken
f09c	unlock
f13e	unlock-alt
f0dc	unsorted, sort
f093	upload
f287	usb
f007	user
f2bd	user-circle
f2be	user-circle-o
f0f0	user-md
f2c0	user-o
f234	user-plus
f21b	user-secret
f235	user-times
f2bb	vcard, address-card
f2bc	vcard-o, address-card-o
f221	venus
f226	venus-double
f228	venus-mars
f237	viacoin
f2a9	viadeo
f2aa	viadeo-square
f03d	video-camera
f27d	vimeo
f194	vimeo-square
f1ca	vine
f189	vk
f2a0	volume-control-phone
f027	volume-down
f026	volume-off
f028	volume-up
f071	warning, exclamation-triangle
f1d7	wechat, weixin
f18a	weibo
f232	whatsapp
f193	wheelchair
f29b	wheelchair-alt
f1eb	wifi
f266	wikipedia-w
f2d0	window-maximize
f2d1	window-minimize
f2d2	window-restore
f17a	windows
f159	won, krw
f19a	wordpress
f297	wpbeginner
f2de	wpexplorer
f298	wpforms
f0ad	wrench
f168	xing
f169	xing-square
f1d4	y-combinator-square, yc-square, hacker-news
f19e	yahoo
f23b	yc, y-combinator
f1e9	yelp
f2b1	yoast
f167	youtube
f16a	youtube-play
f166	youtube-square